{
    "model_name": "Animal Species Audio Classifier",
    "num_classes": 10,
    "species": [
        "Bird",
        "Cat",
        "Chicken",
        "Cow",
        "Dog",
        "Donkey",
        "Frog",
        "Lion",
        "Monkey",
        "Sheep"
    ],
    "sample_rate": 22050,
    "duration": 3,
    "input_shape": [
        128,
        130,
        1
    ],
    "test_accuracy": 0.9768339991569519,
    "tflite_accuracy": 0.9806949806949807,
    "model_size_mb": 0.7948379516601562,
    "tflite_size_mb": 0.2174835205078125,
    "inference_time_ms": 16.474485397338867,
    "total_parameters": 208362
}